{"p1": {"x": 302.1309680175338, "y": 278.37347425171805, "d": -675, "score": 0}, "p2": {"x": 526.7141958425166, "y": 336.0414257853229, "d": -90, "score": 1}, "p1b": {"0": {"x": 536.2311101832859, "y": 523.871901894529, "xSpd": 0.7660444431189777, "ySpd": 0.6427876096865397, "lt": 0.5756247043609619}}, "p2b": {"0": {"x": 135.0, "y": 336.0414257853229, "xSpd": -1.0, "ySpd": 6.123233995736766e-17, "lt": 1.3638944625854492}}, "timeLeft": 73}